{"type":"Topology","arcs":[],"objects":{"CNTR_LB_2016_3035":{"type":"GeometryCollection","geometries":[{"type":"Point","coordinates":[3629683,2198262],"properties":{"CNTR_ID":"AD","CNTR_NAME":"Andorra","NAME_ENGL":"Andorra","ISO3_CODE":"AND","FID":"AD"},"id":"AD"},{"type":"Point","coordinates":[8702406,1323558],"properties":{"CNTR_ID":"AE","CNTR_NAME":"الإمارات العربية المتحدة","NAME_ENGL":"United Arab Emirates","ISO3_CODE":"ARE","FID":"AE"},"id":"AE"},{"type":"Point","coordinates":[9056247,3049068],"properties":{"CNTR_ID":"AF","CNTR_NAME":"افغانستان-افغانستان","NAME_ENGL":"Afghanistan","ISO3_CODE":"AFG","FID":"AF"},"id":"AF"},{"type":"Point","coordinates":[-2564569,2799032],"properties":{"CNTR_ID":"AG","CNTR_NAME":"Antigua and Barbuda","NAME_ENGL":"Antigua and Barbuda","ISO3_CODE":"ATG","FID":"AG"},"id":"AG"},{"type":"Point","coordinates":[-2563487,3014785],"properties":{"CNTR_ID":"AI","CNTR_NAME":"Anguilla","NAME_ENGL":"Anguilla","ISO3_CODE":"AIA","FID":"AI"},"id":"AI"},{"type":"Point","coordinates":[5167334,2060766],"properties":{"CNTR_ID":"AL","CNTR_NAME":"Shqipëria","NAME_ENGL":"Albania","ISO3_CODE":"ALB","FID":"AL"},"id":"AL"},{"type":"Point","coordinates":[7185275,2591296],"properties":{"CNTR_ID":"AM","CNTR_NAME":"Հայաստան","NAME_ENGL":"Armenia","ISO3_CODE":"ARM","FID":"AM"},"id":"AM"},{"type":"Point","coordinates":[5292609,-3518403],"properties":{"CNTR_ID":"AO","CNTR_NAME":"Angola","NAME_ENGL":"Angola","ISO3_CODE":"AGO","FID":"AO"},"id":"AO"},{"type":"Point","coordinates":[4935037,-8407918],"properties":{"CNTR_ID":"AQ","CNTR_NAME":"Antarctica","NAME_ENGL":"Antarctica","ISO3_CODE":"ATA","FID":"AQ"},"id":"AQ"},{"type":"Point","coordinates":[-4263126,-2155466],"properties":{"CNTR_ID":"AR","CNTR_NAME":"Argentina","NAME_ENGL":"Argentina","ISO3_CODE":"ARG","FID":"AR"},"id":"AR"},{"type":"Point","coordinates":[4564456,15263298],"properties":{"CNTR_ID":"AS","CNTR_NAME":"American Samoa-Sāmoa Amelika","NAME_ENGL":"American Samoa","ISO3_CODE":"ASM","FID":"AS"},"id":"AS"},{"type":"Point","coordinates":[4632237,2727714],"properties":{"CNTR_ID":"AT","CNTR_NAME":"Österreich","NAME_ENGL":"Austria","ISO3_CODE":"AUT","FID":"AT"},"id":"AT"},{"type":"Point","coordinates":[15723794,5277074],"properties":{"CNTR_ID":"AU","CNTR_NAME":"Australia","NAME_ENGL":"Australia","ISO3_CODE":"AUS","FID":"AU"},"id":"AU"},{"type":"Point","coordinates":[-3355310,3207463],"properties":{"CNTR_ID":"AW","CNTR_NAME":"Aruba-Aruba","NAME_ENGL":"Aruba","ISO3_CODE":"ABW","FID":"AW"},"id":"AW"},{"type":"Point","coordinates":[7389067,2706187],"properties":{"CNTR_ID":"AZ","CNTR_NAME":"Azərbaycan","NAME_ENGL":"Azerbaijan","ISO3_CODE":"AZE","FID":"AZ"},"id":"AZ"},{"type":"Point","coordinates":[4944176,2371589],"properties":{"CNTR_ID":"BA","CNTR_NAME":"Bosna I Hercegovina-Bosna I Hercegovina-Босна И Херцеговина","NAME_ENGL":"Bosnia and Herzegovina","ISO3_CODE":"BIH","FID":"BA"},"id":"BA"},{"type":"Point","coordinates":[-2659966,2234840],"properties":{"CNTR_ID":"BB","CNTR_NAME":"Barbados","NAME_ENGL":"Barbados","ISO3_CODE":"BRB","FID":"BB"},"id":"BB"},{"type":"Point","coordinates":[11162452,4170557],"properties":{"CNTR_ID":"BD","CNTR_NAME":"People’S Republic of Bangladesh","NAME_ENGL":"Bangladesh","ISO3_CODE":"BGD","FID":"BD"},"id":"BD"},{"type":"Point","coordinates":[3943591,3072787],"properties":{"CNTR_ID":"BE","CNTR_NAME":"Belgien-Belgique-België","NAME_ENGL":"Belgium","ISO3_CODE":"BEL","FID":"BE"},"id":"BE"},{"type":"Point","coordinates":[2969357,-1016566],"properties":{"CNTR_ID":"BF","CNTR_NAME":"Burkina Faso","NAME_ENGL":"Burkina Faso","ISO3_CODE":"BFA","FID":"BF"},"id":"BF"},{"type":"Point","coordinates":[5562361,2309479],"properties":{"CNTR_ID":"BG","CNTR_NAME":"България","NAME_ENGL":"Bulgaria","ISO3_CODE":"BGR","FID":"BG"},"id":"BG"},{"type":"Point","coordinates":[8285591,1398571],"properties":{"CNTR_ID":"BH","CNTR_NAME":"مملكة البحرين","NAME_ENGL":"Bahrain","ISO3_CODE":"BHR","FID":"BH"},"id":"BH"},{"type":"Point","coordinates":[6793325,-2423833],"properties":{"CNTR_ID":"BI","CNTR_NAME":"Burundi-Burundi","NAME_ENGL":"Burundi","ISO3_CODE":"BDI","FID":"BI"},"id":"BI"},{"type":"Point","coordinates":[3421327,-1342144],"properties":{"CNTR_ID":"BJ","CNTR_NAME":"Bénin","NAME_ENGL":"Benin","ISO3_CODE":"BEN","FID":"BJ"},"id":"BJ"},{"type":"Point","coordinates":[-2572677,2965938],"properties":{"CNTR_ID":"BL","CNTR_NAME":"Saint-Barthélemy","NAME_ENGL":"Saint Barthélemy","ISO3_CODE":"BLM","FID":"BL"},"id":"BL"},{"type":"Point","coordinates":[-1579302,4320980],"properties":{"CNTR_ID":"BM","CNTR_NAME":"Bermuda","NAME_ENGL":"Bermuda","ISO3_CODE":"BMU","FID":"BM"},"id":"BM"},{"type":"Point","coordinates":[13451035,5541182],"properties":{"CNTR_ID":"BN","CNTR_NAME":"Brunei","NAME_ENGL":"Brunei","ISO3_CODE":"BRN","FID":"BN"},"id":"BN"},{"type":"Point","coordinates":[-4311106,-300021],"properties":{"CNTR_ID":"BO","CNTR_NAME":"Wuliwya-Volívia-Bulivya-Bolivia","NAME_ENGL":"Bolivia","ISO3_CODE":"BOL","FID":"BO"},"id":"BO"},{"type":"Point","coordinates":[-3281092,3006517],"properties":{"CNTR_ID":"BQ","CNTR_NAME":"Bonaire, Sint Eustatius and Saba","NAME_ENGL":"Bonaire, Sint Eustatius and Saba","ISO3_CODE":"BES","FID":"BQ"},"id":"BQ"},{"type":"Point","coordinates":[-3113735,-730312],"properties":{"CNTR_ID":"BR","CNTR_NAME":"Brasil","NAME_ENGL":"Brazil","ISO3_CODE":"BRA","FID":"BR"},"id":"BR"},{"type":"Point","coordinates":[10878994,4459528],"properties":{"CNTR_ID":"BT","CNTR_NAME":"Kingdom of Bhutan","NAME_ENGL":"Bhutan","ISO3_CODE":"BTN","FID":"BT"},"id":"BT"},{"type":"Point","coordinates":[3604499,-6958141],"properties":{"CNTR_ID":"BV","CNTR_NAME":"Bouvetøya","NAME_ENGL":"Bouvet Island","ISO3_CODE":"BVT","FID":"BV"},"id":"BV"},{"type":"Point","coordinates":[6096418,-4333231],"properties":{"CNTR_ID":"BW","CNTR_NAME":"Botswana-Botswana","NAME_ENGL":"Botswana","ISO3_CODE":"BWA","FID":"BW"},"id":"BW"},{"type":"Point","coordinates":[5502337,3528416],"properties":{"CNTR_ID":"BY","CNTR_NAME":"Беларусь","NAME_ENGL":"Belarus","ISO3_CODE":"BLR","FID":"BY"},"id":"BY"},{"type":"Point","coordinates":[-3646542,5701213],"properties":{"CNTR_ID":"BZ","CNTR_NAME":"Belize","NAME_ENGL":"Belize","ISO3_CODE":"BLZ","FID":"BZ"},"id":"BZ"},{"type":"Point","coordinates":[707134,8127744],"properties":{"CNTR_ID":"CA","CNTR_NAME":"Canada-Canada","NAME_ENGL":"Canada","ISO3_CODE":"CAN","FID":"CA"},"id":"CA"},{"type":"Point","coordinates":[6022727,-2517221],"properties":{"CNTR_ID":"CD","CNTR_NAME":"République Démocratique du Congo-Kongo-Kongó-Kongu-Kongo","NAME_ENGL":"Democratic Republic of The Congo","ISO3_CODE":"COD","FID":"CD"},"id":"CD"},{"type":"Point","coordinates":[5625678,-1572021],"properties":{"CNTR_ID":"CF","CNTR_NAME":"République Centrafricaine-Ködörösêse Tî Bêafrîka","NAME_ENGL":"Central African Republic","ISO3_CODE":"CAF","FID":"CF"},"id":"CF"},{"type":"Point","coordinates":[4974471,-2425219],"properties":{"CNTR_ID":"CG","CNTR_NAME":"Congo-Kongo-Kongó","NAME_ENGL":"Congo","ISO3_CODE":"COG","FID":"CG"},"id":"CG"},{"type":"Point","coordinates":[4184859,2650670],"properties":{"CNTR_ID":"CH","CNTR_NAME":"Schweiz-Suisse-Svizzera-Svizra","NAME_ENGL":"Switzerland","ISO3_CODE":"CHE","FID":"CH"},"id":"CH"},{"type":"Point","coordinates":[2480743,-1425299],"properties":{"CNTR_ID":"CI","CNTR_NAME":"Côte D’Ivoire","NAME_ENGL":"Côte D’Ivoire","ISO3_CODE":"CIV","FID":"CI"},"id":"CI"},{"type":"Point","coordinates":[-4790826,-569621],"properties":{"CNTR_ID":"CL","CNTR_NAME":"Chile","NAME_ENGL":"Chile","ISO3_CODE":"CHL","FID":"CL"},"id":"CL"},{"type":"Point","coordinates":[4650309,-1785454],"properties":{"CNTR_ID":"CM","CNTR_NAME":"Cameroon-Cameroun","NAME_ENGL":"Cameroon","ISO3_CODE":"CMR","FID":"CM"},"id":"CM"},{"type":"Point","coordinates":[10794153,6099671],"properties":{"CNTR_ID":"CN","CNTR_NAME":"中國","NAME_ENGL":"China","ISO3_CODE":"CHN","FID":"CN"},"id":"CN"},{"type":"Point","coordinates":[-4086751,2762129],"properties":{"CNTR_ID":"CO","CNTR_NAME":"Colombia","NAME_ENGL":"Colombia","ISO3_CODE":"COL","FID":"CO"},"id":"CO"},{"type":"Point","coordinates":[-4107530,7993293],"properties":{"CNTR_ID":"CP","CNTR_NAME":"Île Clipperton","NAME_ENGL":"Clipperton Island","ISO3_CODE":"CPT","FID":"CP"},"id":"CP"},{"type":"Point","coordinates":[-4153474,4615325],"properties":{"CNTR_ID":"CR","CNTR_NAME":"Costa Rica","NAME_ENGL":"Costa Rica","ISO3_CODE":"CRI","FID":"CR"},"id":"CR"},{"type":"Point","coordinates":[-3012590,4961018],"properties":{"CNTR_ID":"CU","CNTR_NAME":"Cuba","NAME_ENGL":"Cuba","ISO3_CODE":"CUB","FID":"CU"},"id":"CU"},{"type":"Point","coordinates":[-3320901,3055822],"properties":{"CNTR_ID":"CW","CNTR_NAME":"Curaçao","NAME_ENGL":"Curaçao","ISO3_CODE":"CUW","FID":"CW"},"id":"CW"},{"type":"Point","coordinates":[14197713,2850187],"properties":{"CNTR_ID":"CX","CNTR_NAME":"Christmas Island","NAME_ENGL":"Christmas Island","ISO3_CODE":"CXR","FID":"CX"},"id":"CX"},{"type":"Point","coordinates":[6422728,1649747],"properties":{"CNTR_ID":"CY","CNTR_NAME":"Κύπρος-Kıbrıs","NAME_ENGL":"Cyprus","ISO3_CODE":"CYP","FID":"CY"},"id":"CY"},{"type":"Point","coordinates":[4704709,2972318],"properties":{"CNTR_ID":"CZ","CNTR_NAME":"Česká Republika","NAME_ENGL":"Czechia","ISO3_CODE":"CZE","FID":"CZ"},"id":"CZ"},{"type":"Point","coordinates":[4347399,3107392],"properties":{"CNTR_ID":"DE","CNTR_NAME":"Deutschland","NAME_ENGL":"Germany","ISO3_CODE":"DEU","FID":"DE"},"id":"DE"},{"type":"Point","coordinates":[7963797,-473976],"properties":{"CNTR_ID":"DJ","CNTR_NAME":"جيبوتي-Djibouti-Jabuuti","NAME_ENGL":"Djibouti","ISO3_CODE":"DJI","FID":"DJ"},"id":"DJ"},{"type":"Point","coordinates":[4278529,3658333],"properties":{"CNTR_ID":"DK","CNTR_NAME":"Danmark","NAME_ENGL":"Denmark","ISO3_CODE":"DNK","FID":"DK"},"id":"DK"},{"type":"Point","coordinates":[-2643066,2606481],"properties":{"CNTR_ID":"DM","CNTR_NAME":"Dominica-Dominique","NAME_ENGL":"Dominica","ISO3_CODE":"DMA","FID":"DM"},"id":"DM"},{"type":"Point","coordinates":[-2921078,3802396],"properties":{"CNTR_ID":"DO","CNTR_NAME":"República Dominicana","NAME_ENGL":"Dominican Republic","ISO3_CODE":"DOM","FID":"DO"},"id":"DO"},{"type":"Point","coordinates":[3587847,613608],"properties":{"CNTR_ID":"DZ","CNTR_NAME":"الجزائر","NAME_ENGL":"Algeria","ISO3_CODE":"DZA","FID":"DZ"},"id":"DZ"},{"type":"Point","coordinates":[-4694109,2869546],"properties":{"CNTR_ID":"EC","CNTR_NAME":"Ikwadur-Ecuador","NAME_ENGL":"Ecuador","ISO3_CODE":"ECU","FID":"EC"},"id":"EC"},{"type":"Point","coordinates":[5233707,4054390],"properties":{"CNTR_ID":"EE","CNTR_NAME":"Eesti","NAME_ENGL":"Estonia","ISO3_CODE":"EST","FID":"EE"},"id":"EE"},{"type":"Point","coordinates":[6315525,657263],"properties":{"CNTR_ID":"EG","CNTR_NAME":"مصر","NAME_ENGL":"Egypt","ISO3_CODE":"EGY","FID":"EG"},"id":"EG"},{"type":"Point","coordinates":[1948126,549003],"properties":{"CNTR_ID":"EH","CNTR_NAME":"الصحراء الغربية","NAME_ENGL":"Western Sahara","ISO3_CODE":"ESH","FID":"EH"},"id":"EH"},{"type":"Point","coordinates":[5400312,1912255],"properties":{"CNTR_ID":"EL","CNTR_NAME":"Ελλάδα","NAME_ENGL":"Greece","ISO3_CODE":"GRC","FID":"EL"},"id":"EL"},{"type":"Point","coordinates":[7416598,-175254],"properties":{"CNTR_ID":"ER","CNTR_NAME":"إريتريا-Eritrea-ኤርትራ","NAME_ENGL":"Eritrea","ISO3_CODE":"ERI","FID":"ER"},"id":"ER"},{"type":"Point","coordinates":[3171457,2023690],"properties":{"CNTR_ID":"ES","CNTR_NAME":"España","NAME_ENGL":"Spain","ISO3_CODE":"ESP","FID":"ES"},"id":"ES"},{"type":"Point","coordinates":[7754423,-885655],"properties":{"CNTR_ID":"ET","CNTR_NAME":"Federal Democratic Republic of Ethiopia","NAME_ENGL":"Ethiopia","ISO3_CODE":"ETH","FID":"ET"},"id":"ET"},{"type":"Point","coordinates":[5099820,4690369],"properties":{"CNTR_ID":"FI","CNTR_NAME":"Suomi-Finland","NAME_ENGL":"Finland","ISO3_CODE":"FIN","FID":"FI"},"id":"FI"},{"type":"Point","coordinates":[8485826,14606925],"properties":{"CNTR_ID":"FJ","CNTR_NAME":"Fiji-Viti-फ़िजी","NAME_ENGL":"Fiji","ISO3_CODE":"FJI","FID":"FJ"},"id":"FJ"},{"type":"Point","coordinates":[-2897290,-5026599],"properties":{"CNTR_ID":"FK","CNTR_NAME":"Falkland Islands","NAME_ENGL":"Falkland Islands","ISO3_CODE":"FLK","FID":"FK"},"id":"FK"},{"type":"Point","coordinates":[10547696,11988565],"properties":{"CNTR_ID":"FM","CNTR_NAME":"Micronesia","NAME_ENGL":"Micronesia","ISO3_CODE":"FSM","FID":"FM"},"id":"FM"},{"type":"Point","coordinates":[3441234,4442235],"properties":{"CNTR_ID":"FO","CNTR_NAME":"Færøerne-Føroyar","NAME_ENGL":"Faroes","ISO3_CODE":"FRO","FID":"FO"},"id":"FO"},{"type":"Point","coordinates":[3747521,2640640],"properties":{"CNTR_ID":"FR","CNTR_NAME":"France","NAME_ENGL":"France","ISO3_CODE":"FRA","FID":"FR"},"id":"FR"},{"type":"Point","coordinates":[4539833,-2419955],"properties":{"CNTR_ID":"GA","CNTR_NAME":"Gabon","NAME_ENGL":"Gabon","ISO3_CODE":"GAB","FID":"GA"},"id":"GA"},{"type":"Point","coordinates":[-2869725,2337573],"properties":{"CNTR_ID":"GD","CNTR_NAME":"Grenada","NAME_ENGL":"Grenada","ISO3_CODE":"GRD","FID":"GD"},"id":"GD"},{"type":"Point","coordinates":[6985031,2710486],"properties":{"CNTR_ID":"GE","CNTR_NAME":"საქართველო","NAME_ENGL":"Georgia","ISO3_CODE":"GEO","FID":"GE"},"id":"GE"},{"type":"Point","coordinates":[3413908,3004912],"properties":{"CNTR_ID":"GG","CNTR_NAME":"Guernsey-Guernesey","NAME_ENGL":"Guernsey","ISO3_CODE":"GGY","FID":"GG"},"id":"GG"},{"type":"Point","coordinates":[2994447,-1469945],"properties":{"CNTR_ID":"GH","CNTR_NAME":"Ghana","NAME_ENGL":"Ghana","ISO3_CODE":"GHA","FID":"GH"},"id":"GH"},{"type":"Point","coordinates":[2937264,1591937],"properties":{"CNTR_ID":"GI","CNTR_NAME":"Gibraltar","NAME_ENGL":"Gibraltar","ISO3_CODE":"GIB","FID":"GI"},"id":"GI"},{"type":"Point","coordinates":[2958522,6286685],"properties":{"CNTR_ID":"GL","CNTR_NAME":"Grønland-Kalaallit Nunaat","NAME_ENGL":"Greenland","ISO3_CODE":"GRL","FID":"GL"},"id":"GL"},{"type":"Point","coordinates":[1383573,-534228],"properties":{"CNTR_ID":"GM","CNTR_NAME":"Gambia","NAME_ENGL":"Gambia","ISO3_CODE":"GMB","FID":"GM"},"id":"GM"},{"type":"Point","coordinates":[1865277,-931973],"properties":{"CNTR_ID":"GN","CNTR_NAME":"Guinée","NAME_ENGL":"Guinea","ISO3_CODE":"GIN","FID":"GN"},"id":"GN"},{"type":"Point","coordinates":[4378590,-2201809],"properties":{"CNTR_ID":"GQ","CNTR_NAME":"Guinée Équatoriale-Guinea Ecuatorial","NAME_ENGL":"Equatorial Guinea","ISO3_CODE":"GNQ","FID":"GQ"},"id":"GQ"},{"type":"Point","coordinates":[-526968,-6247609],"properties":{"CNTR_ID":"GS","CNTR_NAME":"South Georgia and The South Sandwich Islands","NAME_ENGL":"South Georgia and The South Sandwich Islands","ISO3_CODE":"SGS","FID":"GS"},"id":"GS"},{"type":"Point","coordinates":[-3872952,5864396],"properties":{"CNTR_ID":"GT","CNTR_NAME":"Guatemala","NAME_ENGL":"Guatemala","ISO3_CODE":"GTM","FID":"GT"},"id":"GT"},{"type":"Point","coordinates":[11478848,10250259],"properties":{"CNTR_ID":"GU","CNTR_NAME":"Guåhan-Guam","NAME_ENGL":"Guam","ISO3_CODE":"GUM","FID":"GU"},"id":"GU"},{"type":"Point","coordinates":[1533909,-721239],"properties":{"CNTR_ID":"GW","CNTR_NAME":"Guiné-Bissau","NAME_ENGL":"Guinea-Bissau","ISO3_CODE":"GNB","FID":"GW"},"id":"GW"},{"type":"Point","coordinates":[-3070627,1384002],"properties":{"CNTR_ID":"GY","CNTR_NAME":"Guyana","NAME_ENGL":"Guyana","ISO3_CODE":"GUY","FID":"GY"},"id":"GY"},{"type":"Point","coordinates":[11828584,6656558],"properties":{"CNTR_ID":"HK","CNTR_NAME":"香港","NAME_ENGL":"Hong Kong","ISO3_CODE":"HKG","FID":"HK"},"id":"HK"},{"type":"Point","coordinates":[10946059,-5438928],"properties":{"CNTR_ID":"HM","CNTR_NAME":"Heard Island and Mcdonald Islands","NAME_ENGL":"Heard Island and Mcdonald Islands","ISO3_CODE":"HMD","FID":"HM"},"id":"HM"},{"type":"Point","coordinates":[-3817733,5284856],"properties":{"CNTR_ID":"HN","CNTR_NAME":"Honduras","NAME_ENGL":"Honduras","ISO3_CODE":"HND","FID":"HN"},"id":"HN"},{"type":"Point","coordinates":[4844146,2316734],"properties":{"CNTR_ID":"HR","CNTR_NAME":"Hrvatska","NAME_ENGL":"Croatia","ISO3_CODE":"HRV","FID":"HR"},"id":"HR"},{"type":"Point","coordinates":[-3047331,3951022],"properties":{"CNTR_ID":"HT","CNTR_NAME":"Haïti-Ayiti","NAME_ENGL":"Haiti","ISO3_CODE":"HTI","FID":"HT"},"id":"HT"},{"type":"Point","coordinates":[5032643,2717256],"properties":{"CNTR_ID":"HU","CNTR_NAME":"Magyarország","NAME_ENGL":"Hungary","ISO3_CODE":"HUN","FID":"HU"},"id":"HU"},{"type":"Point","coordinates":[3125929,3491379],"properties":{"CNTR_ID":"IE","CNTR_NAME":"Ireland-Éire","NAME_ENGL":"Ireland","ISO3_CODE":"IRL","FID":"IE"},"id":"IE"},{"type":"Point","coordinates":[6665958,1270261],"properties":{"CNTR_ID":"IL","CNTR_NAME":"إسرائيل-ישראל","NAME_ENGL":"Israel","ISO3_CODE":"ISR","FID":"IL"},"id":"IL"},{"type":"Point","coordinates":[3379673,3553127],"properties":{"CNTR_ID":"IM","CNTR_NAME":"Isle of Man-Ellan Vannin","NAME_ENGL":"Isle of Man","ISO3_CODE":"IMN","FID":"IM"},"id":"IM"},{"type":"Point","coordinates":[10703042,3051828],"properties":{"CNTR_ID":"IN","CNTR_NAME":"India-भारत","NAME_ENGL":"India","ISO3_CODE":"IND","FID":"IN"},"id":"IN"},{"type":"Point","coordinates":[11604830,-428310],"properties":{"CNTR_ID":"IO","CNTR_NAME":"British Indian Ocean Territory","NAME_ENGL":"British Indian Ocean Territory","ISO3_CODE":"IOT","FID":"IO"},"id":"IO"},{"type":"Point","coordinates":[7404870,1800028],"properties":{"CNTR_ID":"IQ","CNTR_NAME":"العراق-Îraq","NAME_ENGL":"Iraq","ISO3_CODE":"IRQ","FID":"IQ"},"id":"IQ"},{"type":"Point","coordinates":[8286057,2244217],"properties":{"CNTR_ID":"IR","CNTR_NAME":"ایران","NAME_ENGL":"Iran","ISO3_CODE":"IRN","FID":"IR"},"id":"IR"},{"type":"Point","coordinates":[2984933,4909795],"properties":{"CNTR_ID":"IS","CNTR_NAME":"Ísland","NAME_ENGL":"Iceland","ISO3_CODE":"ISL","FID":"IS"},"id":"IS"},{"type":"Point","coordinates":[4528606,2195761],"properties":{"CNTR_ID":"IT","CNTR_NAME":"Italia","NAME_ENGL":"Italy","ISO3_CODE":"ITA","FID":"IT"},"id":"IT"},{"type":"Point","coordinates":[3441782,2973901],"properties":{"CNTR_ID":"JE","CNTR_NAME":"Jersey-Jersey","NAME_ENGL":"Jersey","ISO3_CODE":"JEY","FID":"JE"},"id":"JE"},{"type":"Point","coordinates":[-3268629,4465322],"properties":{"CNTR_ID":"JM","CNTR_NAME":"Jamaica","NAME_ENGL":"Jamaica","ISO3_CODE":"JAM","FID":"JM"},"id":"JM"},{"type":"Point","coordinates":[6902430,1307008],"properties":{"CNTR_ID":"JO","CNTR_NAME":"الأردن","NAME_ENGL":"Jordan","ISO3_CODE":"JOR","FID":"JO"},"id":"JO"},{"type":"Point","coordinates":[9548338,9638158],"properties":{"CNTR_ID":"JP","CNTR_NAME":"日本","NAME_ENGL":"Japan","ISO3_CODE":"JPN","FID":"JP"},"id":"JP"},{"type":"Point","coordinates":[7700905,-1774312],"properties":{"CNTR_ID":"KE","CNTR_NAME":"Kenya-Kenya","NAME_ENGL":"Kenya","ISO3_CODE":"KEN","FID":"KE"},"id":"KE"},{"type":"Point","coordinates":[8984974,4268919],"properties":{"CNTR_ID":"KG","CNTR_NAME":"Kırgızstan-Кыргызстан","NAME_ENGL":"Kyrgyzstan","ISO3_CODE":"KGZ","FID":"KG"},"id":"KG"},{"type":"Point","coordinates":[12597687,4920472],"properties":{"CNTR_ID":"KH","CNTR_NAME":"កម្ពុជា","NAME_ENGL":"Cambodia","ISO3_CODE":"KHM","FID":"KH"},"id":"KH"},{"type":"Point","coordinates":[1301063,14108404],"properties":{"CNTR_ID":"KI","CNTR_NAME":"Kiribati","NAME_ENGL":"Kiribati","ISO3_CODE":"KIR","FID":"KI"},"id":"KI"},{"type":"Point","coordinates":[8502354,-2744342],"properties":{"CNTR_ID":"KM","CNTR_NAME":"جزر القمر-Comores-Komori","NAME_ENGL":"Comoros","ISO3_CODE":"COM","FID":"KM"},"id":"KM"},{"type":"Point","coordinates":[-2607091,2914155],"properties":{"CNTR_ID":"KN","CNTR_NAME":"Saint Kitts and Nevis","NAME_ENGL":"Saint Kitts and Nevis","ISO3_CODE":"KNA","FID":"KN"},"id":"KN"},{"type":"Point","coordinates":[9729244,8541143],"properties":{"CNTR_ID":"KP","CNTR_NAME":"조선민주주의인민공화국","NAME_ENGL":"North Korea","ISO3_CODE":"PRK","FID":"KP"},"id":"KP"},{"type":"Point","coordinates":[10098986,8579171],"properties":{"CNTR_ID":"KR","CNTR_NAME":"대한민국","NAME_ENGL":"South Korea","ISO3_CODE":"KOR","FID":"KR"},"id":"KR"},{"type":"Point","coordinates":[7871751,1597993],"properties":{"CNTR_ID":"KW","CNTR_NAME":"الكويت","NAME_ENGL":"Kuwait","ISO3_CODE":"KWT","FID":"KW"},"id":"KW"},{"type":"Point","coordinates":[-3298379,4977724],"properties":{"CNTR_ID":"KY","CNTR_NAME":"Cayman Islands","NAME_ENGL":"Cayman Islands","ISO3_CODE":"CYM","FID":"KY"},"id":"KY"},{"type":"Point","coordinates":[8094525,4381022],"properties":{"CNTR_ID":"KZ","CNTR_NAME":"Қазақстан","NAME_ENGL":"Kazakhstan","ISO3_CODE":"KAZ","FID":"KZ"},"id":"KZ"},{"type":"Point","coordinates":[11881538,5126224],"properties":{"CNTR_ID":"LA","CNTR_NAME":"ປະເທດລາວ","NAME_ENGL":"Laos","ISO3_CODE":"LAO","FID":"LA"},"id":"LA"},{"type":"Point","coordinates":[6694323,1612312],"properties":{"CNTR_ID":"LB","CNTR_NAME":"لبنان","NAME_ENGL":"Lebanon","ISO3_CODE":"LBN","FID":"LB"},"id":"LB"},{"type":"Point","coordinates":[-2713458,2432918],"properties":{"CNTR_ID":"LC","CNTR_NAME":"Saint Lucia","NAME_ENGL":"Saint Lucia","ISO3_CODE":"LCA","FID":"LC"},"id":"LC"},{"type":"Point","coordinates":[4287090,2669522],"properties":{"CNTR_ID":"LI","CNTR_NAME":"Liechtenstein","NAME_ENGL":"Liechtenstein","ISO3_CODE":"LIE","FID":"LI"},"id":"LI"},{"type":"Point","coordinates":[11700984,1820747],"properties":{"CNTR_ID":"LK","CNTR_NAME":"ශ්‍රී ලංකාව-இலங்கை","NAME_ENGL":"Sri Lanka","ISO3_CODE":"LKA","FID":"LK"},"id":"LK"},{"type":"Point","coordinates":[2024726,-1454793],"properties":{"CNTR_ID":"LR","CNTR_NAME":"Liberia","NAME_ENGL":"Liberia","ISO3_CODE":"LBR","FID":"LR"},"id":"LR"},{"type":"Point","coordinates":[6640276,-4897168],"properties":{"CNTR_ID":"LS","CNTR_NAME":"Lesotho-Lesotho","NAME_ENGL":"Lesotho","ISO3_CODE":"LSO","FID":"LS"},"id":"LS"},{"type":"Point","coordinates":[5198377,3666281],"properties":{"CNTR_ID":"LT","CNTR_NAME":"Lietuva","NAME_ENGL":"Lithuania","ISO3_CODE":"LTU","FID":"LT"},"id":"LT"},{"type":"Point","coordinates":[4039760,2969528],"properties":{"CNTR_ID":"LU","CNTR_NAME":"Luxemburg-Luxembourg-Lëtzebuerg","NAME_ENGL":"Luxembourg","ISO3_CODE":"LUX","FID":"LU"},"id":"LU"},{"type":"Point","coordinates":[5315757,3845453],"properties":{"CNTR_ID":"LV","CNTR_NAME":"Latvija","NAME_ENGL":"Latvia","ISO3_CODE":"LVA","FID":"LV"},"id":"LV"},{"type":"Point","coordinates":[5136659,497822],"properties":{"CNTR_ID":"LY","CNTR_NAME":"دولة ليبيا","NAME_ENGL":"Libya","ISO3_CODE":"LBY","FID":"LY"},"id":"LY"},{"type":"Point","coordinates":[2767233,1144297],"properties":{"CNTR_ID":"MA","CNTR_NAME":"المغرب","NAME_ENGL":"Morocco","ISO3_CODE":"MAR","FID":"MA"},"id":"MA"},{"type":"Point","coordinates":[4112584,2295252],"properties":{"CNTR_ID":"MC","CNTR_NAME":"Monaco","NAME_ENGL":"Monaco","ISO3_CODE":"MCO","FID":"MC"},"id":"MC"},{"type":"Point","coordinates":[5703925,2851202],"properties":{"CNTR_ID":"MD","CNTR_NAME":"Moldova","NAME_ENGL":"Moldova","ISO3_CODE":"MDA","FID":"MD"},"id":"MD"},{"type":"Point","coordinates":[5079738,2231893],"properties":{"CNTR_ID":"ME","CNTR_NAME":"Црна Гора","NAME_ENGL":"Montenegro","ISO3_CODE":"MNE","FID":"ME"},"id":"ME"},{"type":"Point","coordinates":[8947868,-3345040],"properties":{"CNTR_ID":"MG","CNTR_NAME":"Madagascar-Madagasikara","NAME_ENGL":"Madagascar","ISO3_CODE":"MDG","FID":"MG"},"id":"MG"},{"type":"Point","coordinates":[5295560,2130783],"properties":{"CNTR_ID":"MK","CNTR_NAME":"Северна Македонија","NAME_ENGL":"North Macedonia","ISO3_CODE":"MKD","FID":"MK"},"id":"MK"},{"type":"Point","coordinates":[2825998,-453067],"properties":{"CNTR_ID":"ML","CNTR_NAME":"Mali","NAME_ENGL":"Mali","ISO3_CODE":"MLI","FID":"ML"},"id":"ML"},{"type":"Point","coordinates":[11627169,4605705],"properties":{"CNTR_ID":"MM","CNTR_NAME":"Myanma","NAME_ENGL":"Myanmar/Burma","ISO3_CODE":"MMR","FID":"MM"},"id":"MM"},{"type":"Point","coordinates":[9278964,6667961],"properties":{"CNTR_ID":"MN","CNTR_NAME":"Монгол Улс","NAME_ENGL":"Mongolia","ISO3_CODE":"MNG","FID":"MN"},"id":"MN"},{"type":"Point","coordinates":[11852303,6577322],"properties":{"CNTR_ID":"MO","CNTR_NAME":"澳門-Macau","NAME_ENGL":"Macau","ISO3_CODE":"MAC","FID":"MO"},"id":"MO"},{"type":"Point","coordinates":[2140419,4410],"properties":{"CNTR_ID":"MR","CNTR_NAME":"موريتانيا","NAME_ENGL":"Mauritania","ISO3_CODE":"MRT","FID":"MR"},"id":"MR"},{"type":"Point","coordinates":[-2611534,2803357],"properties":{"CNTR_ID":"MS","CNTR_NAME":"Montserrat","NAME_ENGL":"Montserrat","ISO3_CODE":"MSR","FID":"MS"},"id":"MS"},{"type":"Point","coordinates":[4724721,1436764],"properties":{"CNTR_ID":"MT","CNTR_NAME":"Malta-Malta","NAME_ENGL":"Malta","ISO3_CODE":"MLT","FID":"MT"},"id":"MT"},{"type":"Point","coordinates":[10223485,-2844056],"properties":{"CNTR_ID":"MU","CNTR_NAME":"Mauritius","NAME_ENGL":"Mauritius","ISO3_CODE":"MUS","FID":"MU"},"id":"MU"},{"type":"Point","coordinates":[7519132,-3413507],"properties":{"CNTR_ID":"MW","CNTR_NAME":"Malawi-Malaŵi","NAME_ENGL":"Malawi","ISO3_CODE":"MWI","FID":"MW"},"id":"MW"},{"type":"Point","coordinates":[-2933927,7715926],"properties":{"CNTR_ID":"MX","CNTR_NAME":"México","NAME_ENGL":"Mexico","ISO3_CODE":"MEX","FID":"MX"},"id":"MX"},{"type":"Point","coordinates":[13585159,5376405],"properties":{"CNTR_ID":"MY","CNTR_NAME":"Malaysia","NAME_ENGL":"Malaysia","ISO3_CODE":"MYS","FID":"MY"},"id":"MY"},{"type":"Point","coordinates":[7889033,-3217587],"properties":{"CNTR_ID":"MZ","CNTR_NAME":"Moçambique","NAME_ENGL":"Mozambique","ISO3_CODE":"MOZ","FID":"MZ"},"id":"MZ"},{"type":"Point","coordinates":[5251569,-4416266],"properties":{"CNTR_ID":"NA","CNTR_NAME":"Namibia","NAME_ENGL":"Namibia","ISO3_CODE":"NAM","FID":"NA"},"id":"NA"},{"type":"Point","coordinates":[12287542,12342412],"properties":{"CNTR_ID":"NC","CNTR_NAME":"Nouvelle-Calédonie","NAME_ENGL":"New Caledonia","ISO3_CODE":"NCL","FID":"NC"},"id":"NC"},{"type":"Point","coordinates":[4255743,-568285],"properties":{"CNTR_ID":"NE","CNTR_NAME":"Niger","NAME_ENGL":"Niger","ISO3_CODE":"NER","FID":"NE"},"id":"NE"},{"type":"Point","coordinates":[12917624,12088023],"properties":{"CNTR_ID":"NF","CNTR_NAME":"Norfolk Island-Norfuk Ailen","NAME_ENGL":"Norfolk Island","ISO3_CODE":"NFK","FID":"NF"},"id":"NF"},{"type":"Point","coordinates":[4095756,-1386335],"properties":{"CNTR_ID":"NG","CNTR_NAME":"Nigeria","NAME_ENGL":"Nigeria","ISO3_CODE":"NGA","FID":"NG"},"id":"NG"},{"type":"Point","coordinates":[-3948765,4946179],"properties":{"CNTR_ID":"NI","CNTR_NAME":"Nicaragua","NAME_ENGL":"Nicaragua","ISO3_CODE":"NIC","FID":"NI"},"id":"NI"},{"type":"Point","coordinates":[4024134,3251499],"properties":{"CNTR_ID":"NL","CNTR_NAME":"Nederland","NAME_ENGL":"Netherlands","ISO3_CODE":"NLD","FID":"NL"},"id":"NL"},{"type":"Point","coordinates":[4400358,4290753],"properties":{"CNTR_ID":"NO","CNTR_NAME":"Norga-Noreg-Norge","NAME_ENGL":"Norway","ISO3_CODE":"NOR","FID":"NO"},"id":"NO"},{"type":"Point","coordinates":[10512767,3937405],"properties":{"CNTR_ID":"NP","CNTR_NAME":"नेपाल","NAME_ENGL":"Nepal","ISO3_CODE":"NPL","FID":"NP"},"id":"NP"},{"type":"Point","coordinates":[9739315,13132547],"properties":{"CNTR_ID":"NR","CNTR_NAME":"Nauru-Naoero","NAME_ENGL":"Nauru","ISO3_CODE":"NRU","FID":"NR"},"id":"NR"},{"type":"Point","coordinates":[4268391,15425065],"properties":{"CNTR_ID":"NU","CNTR_NAME":"Niue-Niuē","NAME_ENGL":"Niue","ISO3_CODE":"NIU","FID":"NU"},"id":"NU"},{"type":"Point","coordinates":[15883094,8298802],"properties":{"CNTR_ID":"NZ","CNTR_NAME":"New Zealand-Aotearoa","NAME_ENGL":"New Zealand","ISO3_CODE":"NZL","FID":"NZ"},"id":"NZ"},{"type":"Point","coordinates":[9108146,1395696],"properties":{"CNTR_ID":"OM","CNTR_NAME":"سلطنة عمان","NAME_ENGL":"Oman","ISO3_CODE":"OMN","FID":"OM"},"id":"OM"},{"type":"Point","coordinates":[-4101782,4025625],"properties":{"CNTR_ID":"PA","CNTR_NAME":"Panamá","NAME_ENGL":"Panama","ISO3_CODE":"PAN","FID":"PA"},"id":"PA"},{"type":"Point","coordinates":[-4817373,814412],"properties":{"CNTR_ID":"PE","CNTR_NAME":"Piruw-Piruw-Perú","NAME_ENGL":"Peru","ISO3_CODE":"PER","FID":"PE"},"id":"PE"},{"type":"Point","coordinates":[13561821,9361875],"properties":{"CNTR_ID":"PG","CNTR_NAME":"Papua New Guinea-Papua Niu Gini-Papua Niugini","NAME_ENGL":"Papua New Guinea","ISO3_CODE":"PNG","FID":"PG"},"id":"PG"},{"type":"Point","coordinates":[9534607,2837503],"properties":{"CNTR_ID":"PK","CNTR_NAME":"Pakistan-پاكستان","NAME_ENGL":"Pakistan","ISO3_CODE":"PAK","FID":"PK"},"id":"PK"},{"type":"Point","coordinates":[4963073,3266104],"properties":{"CNTR_ID":"PL","CNTR_NAME":"Polska","NAME_ENGL":"Poland","ISO3_CODE":"POL","FID":"PL"},"id":"PL"},{"type":"Point","coordinates":[50182,4813109],"properties":{"CNTR_ID":"PM","CNTR_NAME":"Saint-Pierre-Et-Miquelon","NAME_ENGL":"Saint Pierre and Miquelon","ISO3_CODE":"SPM","FID":"PM"},"id":"PM"},{"type":"Point","coordinates":[-6472762,8223353],"properties":{"CNTR_ID":"PN","CNTR_NAME":"Pitcairn Islands-Pitkern Ailen","NAME_ENGL":"Pitcairn Islands","ISO3_CODE":"PCN","FID":"PN"},"id":"PN"},{"type":"Point","coordinates":[-2761637,3344205],"properties":{"CNTR_ID":"PR","CNTR_NAME":"Puerto Rico","NAME_ENGL":"Puerto Rico","ISO3_CODE":"PRI","FID":"PR"},"id":"PR"},{"type":"Point","coordinates":[6699536,1385994],"properties":{"CNTR_ID":"PS","CNTR_NAME":"فلسطين","NAME_ENGL":"Palestine","ISO3_CODE":"PSE","FID":"PS"},"id":"PS"},{"type":"Point","coordinates":[2787138,2026413],"properties":{"CNTR_ID":"PT","CNTR_NAME":"Portugal","NAME_ENGL":"Portugal","ISO3_CODE":"PRT","FID":"PT"},"id":"PT"},{"type":"Point","coordinates":[12793269,8627171],"properties":{"CNTR_ID":"PW","CNTR_NAME":"Palau-Belau","NAME_ENGL":"Palau","ISO3_CODE":"PLW","FID":"PW"},"id":"PW"},{"type":"Point","coordinates":[-3805349,-1617499],"properties":{"CNTR_ID":"PY","CNTR_NAME":"Paraguay-Paraguái","NAME_ENGL":"Paraguay","ISO3_CODE":"PRY","FID":"PY"},"id":"PY"},{"type":"Point","coordinates":[8376654,1353072],"properties":{"CNTR_ID":"QA","CNTR_NAME":"قطر","NAME_ENGL":"Qatar","ISO3_CODE":"QAT","FID":"QA"},"id":"QA"},{"type":"Point","coordinates":[5477228,2641746],"properties":{"CNTR_ID":"RO","CNTR_NAME":"România","NAME_ENGL":"Romania","ISO3_CODE":"ROU","FID":"RO"},"id":"RO"},{"type":"Point","coordinates":[5186347,2387169],"properties":{"CNTR_ID":"RS","CNTR_NAME":"Србија","NAME_ENGL":"Serbia","ISO3_CODE":"SRB","FID":"RS"},"id":"RS"},{"type":"Point","coordinates":[7620461,6923333],"properties":{"CNTR_ID":"RU","CNTR_NAME":"Россия","NAME_ENGL":"Russian Federation","ISO3_CODE":"RUS","FID":"RU"},"id":"RU"},{"type":"Point","coordinates":[6785151,-2284643],"properties":{"CNTR_ID":"RW","CNTR_NAME":"Rwanda-Rwanda-Rwanda","NAME_ENGL":"Rwanda","ISO3_CODE":"RWA","FID":"RW"},"id":"RW"},{"type":"Point","coordinates":[7815880,916450],"properties":{"CNTR_ID":"SA","CNTR_NAME":"السعودية","NAME_ENGL":"Saudi Arabia","ISO3_CODE":"SAU","FID":"SA"},"id":"SA"},{"type":"Point","coordinates":[6541724,-448346],"properties":{"CNTR_ID":"SD","CNTR_NAME":"السودان-Sudan","NAME_ENGL":"Sudan","ISO3_CODE":"SDN","FID":"SD"},"id":"SD"},{"type":"Point","coordinates":[4564730,4178904],"properties":{"CNTR_ID":"SE","CNTR_NAME":"Sverige","NAME_ENGL":"Sweden","ISO3_CODE":"SWE","FID":"SE"},"id":"SE"},{"type":"Point","coordinates":[13418341,3819496],"properties":{"CNTR_ID":"SG","CNTR_NAME":"新加坡-Singapore-Singapura-சிங்கப்பூர்","NAME_ENGL":"Singapore","ISO3_CODE":"SGP","FID":"SG"},"id":"SG"},{"type":"Point","coordinates":[4693427,2569251],"properties":{"CNTR_ID":"SI","CNTR_NAME":"Slovinsko","NAME_ENGL":"Slovenia","ISO3_CODE":"SVN","FID":"SI"},"id":"SI"},{"type":"Point","coordinates":[4398443,6175961],"properties":{"CNTR_ID":"SJ","CNTR_NAME":"Svalbard Og Jan Mayen","NAME_ENGL":"Svalbard and Jan Mayen","ISO3_CODE":"SJM","FID":"SJ"},"id":"SJ"},{"type":"Point","coordinates":[5016375,2888203],"properties":{"CNTR_ID":"SK","CNTR_NAME":"Slovensko","NAME_ENGL":"Slovakia","ISO3_CODE":"SVK","FID":"SK"},"id":"SK"},{"type":"Point","coordinates":[1771182,-1170095],"properties":{"CNTR_ID":"SL","CNTR_NAME":"Sierra Leone","NAME_ENGL":"Sierra Leone","ISO3_CODE":"SLE","FID":"SL"},"id":"SL"},{"type":"Point","coordinates":[4519843,2316802],"properties":{"CNTR_ID":"SM","CNTR_NAME":"San Marino","NAME_ENGL":"San Marino","ISO3_CODE":"SMR","FID":"SM"},"id":"SM"},{"type":"Point","coordinates":[1579982,-487463],"properties":{"CNTR_ID":"SN","CNTR_NAME":"Sénégal","NAME_ENGL":"Senegal","ISO3_CODE":"SEN","FID":"SN"},"id":"SN"},{"type":"Point","coordinates":[8566396,-1024828],"properties":{"CNTR_ID":"SO","CNTR_NAME":"الصومال-Soomaaliya","NAME_ENGL":"Somalia","ISO3_CODE":"SOM","FID":"SO"},"id":"SO"},{"type":"Point","coordinates":[-2855116,1037102],"properties":{"CNTR_ID":"SR","CNTR_NAME":"Suriname","NAME_ENGL":"Suriname","ISO3_CODE":"SUR","FID":"SR"},"id":"SR"},{"type":"Point","coordinates":[6721954,-1341626],"properties":{"CNTR_ID":"SS","CNTR_NAME":"South Sudan","NAME_ENGL":"South Sudan","ISO3_CODE":"SSD","FID":"SS"},"id":"SS"},{"type":"Point","coordinates":[3900648,-2329519],"properties":{"CNTR_ID":"ST","CNTR_NAME":"São Tomé E Príncipe","NAME_ENGL":"São Tomé and Príncipe","ISO3_CODE":"STP","FID":"ST"},"id":"ST"},{"type":"Point","coordinates":[-3954026,5484761],"properties":{"CNTR_ID":"SV","CNTR_NAME":"El Salvador","NAME_ENGL":"El Salvador","ISO3_CODE":"SLV","FID":"SV"},"id":"SV"},{"type":"Point","coordinates":[-2577358,2999938],"properties":{"CNTR_ID":"SX","CNTR_NAME":"Sint-Maarten","NAME_ENGL":"Sint-Maarten","ISO3_CODE":"SXM","FID":"SX"},"id":"SX"},{"type":"Point","coordinates":[6883773,1810035],"properties":{"CNTR_ID":"SY","CNTR_NAME":"سوريا","NAME_ENGL":"Syria","ISO3_CODE":"SYR","FID":"SY"},"id":"SY"},{"type":"Point","coordinates":[7064446,-4558435],"properties":{"CNTR_ID":"SZ","CNTR_NAME":"Kingdom of Eswatini","NAME_ENGL":"Eswatini","ISO3_CODE":"SWZ","FID":"SZ"},"id":"SZ"},{"type":"Point","coordinates":[5299057,-738155],"properties":{"CNTR_ID":"TD","CNTR_NAME":"تشاد-Tchad","NAME_ENGL":"Chad","ISO3_CODE":"TCD","FID":"TD"},"id":"TD"},{"type":"Point","coordinates":[10795705,-5204067],"properties":{"CNTR_ID":"TF","CNTR_NAME":"Terres Australes Et Antarctiques Françaises","NAME_ENGL":"French Southern and Antarctic Lands","ISO3_CODE":"ATF","FID":"TF"},"id":"TF"},{"type":"Point","coordinates":[3254976,-1439934],"properties":{"CNTR_ID":"TG","CNTR_NAME":"Togo","NAME_ENGL":"Togo","ISO3_CODE":"TGO","FID":"TG"},"id":"TG"},{"type":"Point","coordinates":[12284499,4646850],"properties":{"CNTR_ID":"TH","CNTR_NAME":"ประเทศไทย","NAME_ENGL":"Thailand","ISO3_CODE":"THA","FID":"TH"},"id":"TH"},{"type":"Point","coordinates":[8939875,3685786],"properties":{"CNTR_ID":"TJ","CNTR_NAME":"Тоҷикистон","NAME_ENGL":"Tajikistan","ISO3_CODE":"TJK","FID":"TJ"},"id":"TJ"},{"type":"Point","coordinates":[14550817,6038744],"properties":{"CNTR_ID":"TL","CNTR_NAME":"Timor-Leste-Timor Lorosae","NAME_ENGL":"Timor-Leste","ISO3_CODE":"TLS","FID":"TL"},"id":"TL"},{"type":"Point","coordinates":[8279853,3146653],"properties":{"CNTR_ID":"TM","CNTR_NAME":"Türkmenistan","NAME_ENGL":"Turkmenistan","ISO3_CODE":"TKM","FID":"TM"},"id":"TM"},{"type":"Point","coordinates":[4279245,1190044],"properties":{"CNTR_ID":"TN","CNTR_NAME":"تونس","NAME_ENGL":"Tunisia","ISO3_CODE":"TUN","FID":"TN"},"id":"TN"},{"type":"Point","coordinates":[6494890,2136030],"properties":{"CNTR_ID":"TR","CNTR_NAME":"Türkiye","NAME_ENGL":"Turkey","ISO3_CODE":"TUR","FID":"TR"},"id":"TR"},{"type":"Point","coordinates":[-2940681,2141702],"properties":{"CNTR_ID":"TT","CNTR_NAME":"Trinidad and Tobago","NAME_ENGL":"Trinidad and Tobago","ISO3_CODE":"TTO","FID":"TT"},"id":"TT"},{"type":"Point","coordinates":[7419388,-2557586],"properties":{"CNTR_ID":"TZ","CNTR_NAME":"Tanzania","NAME_ENGL":"United Republic of Tanzania","ISO3_CODE":"TZA","FID":"TZ"},"id":"TZ"},{"type":"Point","coordinates":[5858390,3105490],"properties":{"CNTR_ID":"UA","CNTR_NAME":"Україна","NAME_ENGL":"Ukraine","ISO3_CODE":"UKR","FID":"UA"},"id":"UA"},{"type":"Point","coordinates":[7044682,-1888918],"properties":{"CNTR_ID":"UG","CNTR_NAME":"Uganda-Uganda","NAME_ENGL":"Uganda","ISO3_CODE":"UGA","FID":"UG"},"id":"UG"},{"type":"Point","coordinates":[3517582,3419553],"properties":{"CNTR_ID":"UK","CNTR_NAME":"United Kingdom","NAME_ENGL":"United Kingdom","ISO3_CODE":"GBR","FID":"UK"},"id":"UK"},{"type":"Point","coordinates":[2623095,14186107],"properties":{"CNTR_ID":"UM","CNTR_NAME":"United States Minor Outlying Islands","NAME_ENGL":"United States Minor Outlying Islands","ISO3_CODE":"UMI","FID":"UM"},"id":"UM"},{"type":"Point","coordinates":[-1355132,7809635],"properties":{"CNTR_ID":"US","CNTR_NAME":"United States","NAME_ENGL":"United States","ISO3_CODE":"USA","FID":"US"},"id":"US"},{"type":"Point","coordinates":[-3494288,-2910298],"properties":{"CNTR_ID":"UY","CNTR_NAME":"Uruguay","NAME_ENGL":"Uruguay","ISO3_CODE":"URY","FID":"UY"},"id":"UY"},{"type":"Point","coordinates":[8448212,3622838],"properties":{"CNTR_ID":"UZ","CNTR_NAME":"Узбекистан","NAME_ENGL":"Uzbekistan","ISO3_CODE":"UZB","FID":"UZ"},"id":"UZ"},{"type":"Point","coordinates":[4525238,2092232],"properties":{"CNTR_ID":"VA","CNTR_NAME":"Stato Della Città Del Vaticano-Status Civitatis Vaticanae","NAME_ENGL":"Vatican City","ISO3_CODE":"VAT","FID":"VA"},"id":"VA"},{"type":"Point","coordinates":[-2767350,2395106],"properties":{"CNTR_ID":"VC","CNTR_NAME":"Saint Vincent and The Grenadines","NAME_ENGL":"Saint Vincent and The Grenadines","ISO3_CODE":"VCT","FID":"VC"},"id":"VC"},{"type":"Point","coordinates":[-3467418,2315514],"properties":{"CNTR_ID":"VE","CNTR_NAME":"Venezuela","NAME_ENGL":"Venezuela","ISO3_CODE":"VEN","FID":"VE"},"id":"VE"},{"type":"Point","coordinates":[-2701954,3138954],"properties":{"CNTR_ID":"VI","CNTR_NAME":"Us Virgin Islands","NAME_ENGL":"Us Virgin Islands","ISO3_CODE":"VIR","FID":"VI"},"id":"VI"},{"type":"Point","coordinates":[12759148,5157865],"properties":{"CNTR_ID":"VN","CNTR_NAME":"Việt Nam","NAME_ENGL":"Vietnam","ISO3_CODE":"VNM","FID":"VN"},"id":"VN"},{"type":"Point","coordinates":[5124237,15212678],"properties":{"CNTR_ID":"WS","CNTR_NAME":"Samoa-Sāmoa","NAME_ENGL":"Samoa","ISO3_CODE":"WSM","FID":"WS"},"id":"WS"},{"type":"Point","coordinates":[9731159,4078981],"properties":{"CNTR_ID":"XC","CNTR_NAME":"Aksai Chin (Disputed Territory)","NAME_ENGL":"Aksai Chin","ISO3_CODE":"XC","FID":"XC"},"id":"XC"},{"type":"Point","coordinates":[10935590,4919062],"properties":{"CNTR_ID":"XD","CNTR_NAME":"Arunashal Pradesh (Disputed Territory)","NAME_ENGL":"Arunachal Pradesh","ISO3_CODE":"XD","FID":"XD"},"id":"XD"},{"type":"Point","coordinates":[9911623,3924080],"properties":{"CNTR_ID":"XE","CNTR_NAME":"China/India (Disputed Territory)","NAME_ENGL":"China/India","ISO3_CODE":"XE","FID":"XE"},"id":"XE"},{"type":"Point","coordinates":[6985578,380149],"properties":{"CNTR_ID":"XF","CNTR_NAME":"Hala'Ib Triangle (Disputed Territory)","NAME_ENGL":"Hala'Ib Triangle","ISO3_CODE":"XF","FID":"XF"},"id":"XF"},{"type":"Point","coordinates":[7302013,-1455118],"properties":{"CNTR_ID":"XG","CNTR_NAME":"Ilemi Triangle (Disputed Territory)","NAME_ENGL":"Ilemi Triangle","ISO3_CODE":"XG","FID":"XG"},"id":"XG"},{"type":"Point","coordinates":[9593613,3792950],"properties":{"CNTR_ID":"XH","CNTR_NAME":"Jammu Kashmir (Disputed Territory)","NAME_ENGL":"Jammu Kashmir","ISO3_CODE":"XH","FID":"XH"},"id":"XH"},{"type":"Point","coordinates":[8166922,10099586],"properties":{"CNTR_ID":"XI","CNTR_NAME":"Kuril Islands (Disputed Territory)","NAME_ENGL":"Kuril Islands","ISO3_CODE":"XI","FID":"XI"},"id":"XI"},{"type":"Point","coordinates":[-3160221,4231081],"properties":{"CNTR_ID":"XL","CNTR_NAME":"Navassa Island (Disputed Territory)","NAME_ENGL":"Navassa Island","ISO3_CODE":"XL","FID":"XL"},"id":"XL"},{"type":"Point","coordinates":[12510289,6703954],"properties":{"CNTR_ID":"XM","CNTR_NAME":"Scarborough Reef (Disputed Territory)","NAME_ENGL":"Scarborough Reef","ISO3_CODE":"XM","FID":"XM"},"id":"XM"},{"type":"Point","coordinates":[8176735,-3893644],"properties":{"CNTR_ID":"XO","CNTR_NAME":"Fr Territory (Juan de Nova, Glorioso, Europa, Tromelin, Bassas Da India)","NAME_ENGL":"Bassas Da India","ISO3_CODE":"XO","FID":"XO"},"id":"XO"},{"type":"Point","coordinates":[6464956,-1137842],"properties":{"CNTR_ID":"XU","CNTR_NAME":"Abyei Region (Disputed Territory)","NAME_ENGL":"Abyei","ISO3_CODE":"XU","FID":"XU"},"id":"XU"},{"type":"Point","coordinates":[6815458,274236],"properties":{"CNTR_ID":"XV","CNTR_NAME":"Bir Tawil (Disputed Territory)","NAME_ENGL":"Bir Tawil (Disputed Territory)","ISO3_CODE":"XV","FID":"XV"},"id":"XV"},{"type":"Point","coordinates":[8185735,32750],"properties":{"CNTR_ID":"YE","CNTR_NAME":"اليمن","NAME_ENGL":"Yemen","ISO3_CODE":"YEM","FID":"YE"},"id":"YE"},{"type":"Point","coordinates":[6186755,-5001458],"properties":{"CNTR_ID":"ZA","CNTR_NAME":"Suid-Afrika-South Africa-Sewula Afrika-Afrika-Borwa-Afrika-Borwa-Ningizimu Afrika-Aforika Borwa-Afrika Dzonga-Afurika Tshipembe-Mzantsi Afrika-Ningizimu Afrika","NAME_ENGL":"South Africa","ISO3_CODE":"ZAF","FID":"ZA"},"id":"ZA"},{"type":"Point","coordinates":[6601622,-3560060],"properties":{"CNTR_ID":"ZM","CNTR_NAME":"Zambia","NAME_ENGL":"Zambia","ISO3_CODE":"ZMB","FID":"ZM"},"id":"ZM"},{"type":"Point","coordinates":[6868291,-3915701],"properties":{"CNTR_ID":"ZW","CNTR_NAME":"Zimbabwe","NAME_ENGL":"Zimbabwe","ISO3_CODE":"ZWE","FID":"ZW"},"id":"ZW"},{"type":"Point","coordinates":[13765214,1552114],"properties":{"CNTR_ID":"CC","CNTR_NAME":"Cocos Keeling Islands","NAME_ENGL":"Cocos (Keeling) Islands","ISO3_CODE":"CCK","FID":"CC"},"id":"CC"},{"type":"Point","coordinates":[-2731315,4836444],"properties":{"CNTR_ID":"BS","CNTR_NAME":"Bahamas","NAME_ENGL":"Bahamas","ISO3_CODE":"BHS","FID":"BS"},"id":"BS"},{"type":"Point","coordinates":[12397645,6033594],"properties":{"CNTR_ID":"XA","CNTR_NAME":"Paracel Islands (Disputed Territory)","NAME_ENGL":"Paracel Islands","ISO3_CODE":"XA","FID":"XA"},"id":"XA"},{"type":"Point","coordinates":[-2942452,12654157],"properties":{"CNTR_ID":"PF","CNTR_NAME":"Polynésie Française","NAME_ENGL":"French Polynesia","ISO3_CODE":"PYF","FID":"PF"},"id":"PF"},{"type":"Point","coordinates":[6141831,15307265],"properties":{"CNTR_ID":"TO","CNTR_NAME":"Tonga-Tonga","NAME_ENGL":"Tonga","ISO3_CODE":"TON","FID":"TO"},"id":"TO"},{"type":"Point","coordinates":[-2759679,4166003],"properties":{"CNTR_ID":"TC","CNTR_NAME":"Turks and Caicos Islands","NAME_ENGL":"Turks and Caicos Islands","ISO3_CODE":"TCA","FID":"TC"},"id":"TC"},{"type":"Point","coordinates":[6670063,15001627],"properties":{"CNTR_ID":"WF","CNTR_NAME":"Wallis-Et-Futuna","NAME_ENGL":"Wallis and Futuna","ISO3_CODE":"WLF","FID":"WF"},"id":"WF"},{"type":"Point","coordinates":[11130736,13061325],"properties":{"CNTR_ID":"VU","CNTR_NAME":"Vanuatu-Vanuatu-Vanuatu","NAME_ENGL":"Vanuatu","ISO3_CODE":"VUT","FID":"VU"},"id":"VU"},{"type":"Point","coordinates":[-2631115,3179468],"properties":{"CNTR_ID":"VG","CNTR_NAME":"British Virgin Islands","NAME_ENGL":"British Virgin Islands","ISO3_CODE":"VGB","FID":"VG"},"id":"VG"},{"type":"Point","coordinates":[368326,14736606],"properties":{"CNTR_ID":"CK","CNTR_NAME":"Cook Islands-Kūki 'Āirani","NAME_ENGL":"Cook Islands","ISO3_CODE":"COK","FID":"CK"},"id":"CK"},{"type":"Point","coordinates":[12936074,6067697],"properties":{"CNTR_ID":"XB","CNTR_NAME":"Spratly Islands (Disputed Territory)","NAME_ENGL":"Spratly Islands","ISO3_CODE":"XB","FID":"XB"},"id":"XB"},{"type":"Point","coordinates":[9431099,-1828786],"properties":{"CNTR_ID":"SC","CNTR_NAME":"Sesel-Seychelles-Seychelles","NAME_ENGL":"Seychelles","ISO3_CODE":"SYC","FID":"SC"},"id":"SC"},{"type":"Point","coordinates":[612734,49353],"properties":{"CNTR_ID":"CV","CNTR_NAME":"Cabo Verde","NAME_ENGL":"Cape Verde","ISO3_CODE":"CPV","FID":"CV"},"id":"CV"},{"type":"Point","coordinates":[14019855,5338643],"properties":{"CNTR_ID":"ID","CNTR_NAME":"Indonesia","NAME_ENGL":"Indonesia","ISO3_CODE":"IDN","FID":"ID"},"id":"ID"},{"type":"Point","coordinates":[11282812,770524],"properties":{"CNTR_ID":"MV","CNTR_NAME":"Republic of Maldives","NAME_ENGL":"Maldives","ISO3_CODE":"MDV","FID":"MV"},"id":"MV"},{"type":"Point","coordinates":[12780491,7185357],"properties":{"CNTR_ID":"PH","CNTR_NAME":"Philippines-Pilipinas","NAME_ENGL":"Philippines","ISO3_CODE":"PHL","FID":"PH"},"id":"PH"},{"type":"Point","coordinates":[7532894,14513429],"properties":{"CNTR_ID":"TV","CNTR_NAME":"Tuvalu-Tuvalu","NAME_ENGL":"Tuvalu","ISO3_CODE":"TUV","FID":"TV"},"id":"TV"},{"type":"Point","coordinates":[11363470,7897649],"properties":{"CNTR_ID":"XN","CNTR_NAME":"Senkaku Islands (Disputed Territory)","NAME_ENGL":"Senkaku Islands","ISO3_CODE":"XN","FID":"XN"},"id":"XN"},{"type":"Point","coordinates":[11909699,11934888],"properties":{"CNTR_ID":"SB","CNTR_NAME":"Solomon Islands","NAME_ENGL":"Solomon Islands","ISO3_CODE":"SLB","FID":"SB"},"id":"SB"},{"type":"Point","coordinates":[8860844,13179100],"properties":{"CNTR_ID":"MH","CNTR_NAME":"Marshall Islands-Aorōkin M̧Ajeļ","NAME_ENGL":"Marshall Islands","ISO3_CODE":"MHL","FID":"MH"},"id":"MH"},{"type":"Point","coordinates":[11158299,10394068],"properties":{"CNTR_ID":"MP","CNTR_NAME":"Northern Mariana Islands-Notte Mariånas-Northern Mariana Islands","NAME_ENGL":"Northern Mariana Islands","ISO3_CODE":"MNP","FID":"MP"},"id":"MP"},{"type":"Point","coordinates":[1710409,-4485618],"properties":{"CNTR_ID":"SH","CNTR_NAME":"Saint Helena, Ascension and Tristan Da Cunha","NAME_ENGL":"Saint Helena, Ascension and Tristan Da Cunha","ISO3_CODE":"SHN","FID":"SH"},"id":"SH"},{"type":"Point","coordinates":[4879545,15057379],"properties":{"CNTR_ID":"TK","CNTR_NAME":"Tokelau-Tokelau","NAME_ENGL":"Tokelau","ISO3_CODE":"TKL","FID":"TK"},"id":"TK"}]}}}